{
  "combined_mean": {
    "n_rows": 42652.0,
    "positive_rate": 0.7545015474069211,
    "cv_roc_auc": 0.7259310490086766,
    "cv_accuracy": 0.6463706274031699
  },
  "gemma-4-31b-it": {
    "n_rows": 42659.0,
    "positive_rate": 0.7545183900232073,
    "cv_roc_auc": 0.6664138632261724,
    "cv_accuracy": 0.6718863545793384
  },
  "kimi-k2.5": {
    "n_rows": 42653.0,
    "positive_rate": 0.7544838581108011,
    "cv_roc_auc": 0.7134419992138147,
    "cv_accuracy": 0.6299674114364757
  }
}