{
  "combined_mean": {
    "n_rows": 13149.0,
    "positive_rate": 0.7230207620351358,
    "cv_roc_auc": 0.7349014833256481,
    "cv_accuracy": 0.6544223895353258
  },
  "gemma-4-31b-it": {
    "n_rows": 17027.0,
    "positive_rate": 0.7335995771421859,
    "cv_roc_auc": 0.7129915461530891,
    "cv_accuracy": 0.6588359664062959
  },
  "kimi-k2.5": {
    "n_rows": 13149.0,
    "positive_rate": 0.7230207620351358,
    "cv_roc_auc": 0.7184300512810383,
    "cv_accuracy": 0.624001825233858
  }
}