dataset,n_rows,positive_rate,cv_roc_auc,cv_accuracy
combined_mean,13149.0,0.7230207620351358,0.7349014833256481,0.6544223895353258
gemma-4-31b-it,17027.0,0.7335995771421859,0.7129915461530891,0.6588359664062959
kimi-k2.5,13149.0,0.7230207620351358,0.7184300512810383,0.624001825233858
