dataset,n_rows,positive_rate,cv_roc_auc,cv_accuracy
combined_mean,42652.0,0.7545015474069211,0.7259310490086766,0.6463706274031699
gemma-4-31b-it,42659.0,0.7545183900232073,0.6664138632261724,0.6718863545793384
kimi-k2.5,42653.0,0.7544838581108011,0.7134419992138147,0.6299674114364757
