{
  "dataset": "/data/horse/ws/paam844f-codabench/analyzing-llm-rationale/forecasting_qa_news_metaculus_2025-02-01_to_today.metaculus_frs_format.json",
  "results": "/data/horse/ws/paam844f-codabench/analyzing-llm-rationale/results/Qwen2.5-7b-instruct/temperature_000/results_variant0_neutral_baseline.json",
  "n_scored": 1580,
  "correctness_definition": "predicted_answer == dataset answer",
  "metrics": {
    "forecast_correct": {
      "mean": 0.7544303797468355,
      "median": 1.0,
      "p10": 0.0,
      "p90": 1.0
    },
    "confidence": {
      "mean": 0.8522689873417721,
      "median": 0.85,
      "p10": 0.75,
      "p90": 0.95
    },
    "word_count": {
      "mean": 45.43417721518988,
      "median": 44.0,
      "p10": 34.0,
      "p90": 59.0
    },
    "sentence_count": {
      "mean": 2.437341772151899,
      "median": 2.0,
      "p10": 1.0,
      "p90": 4.0
    },
    "context_grounding": {
      "mean": 0.6181989122808546,
      "median": 0.625,
      "p10": 0.45,
      "p90": 0.782608695652174
    },
    "question_focus": {
      "mean": 0.7029828289621823,
      "median": 0.75,
      "p10": 0.36363636363636365,
      "p90": 1.0
    },
    "article_support": {
      "mean": 0.30837968099864616,
      "median": 0.313125,
      "p10": 0.10125,
      "p90": 0.5115
    },
    "temporal_specificity": {
      "mean": 0.899367088607595,
      "median": 1.0,
      "p10": 0.0,
      "p90": 1.0
    },
    "conciseness": {
      "mean": 0.9581424050632912,
      "median": 1.0,
      "p10": 0.75,
      "p90": 1.0
    },
    "hedging_alignment": {
      "mean": 0.6786075949367089,
      "median": 0.8,
      "p10": 0.3,
      "p90": 1.0
    },
    "quality_proxy": {
      "mean": 0.694279751808213,
      "median": 0.7078133903133903,
      "p10": 0.544047619047619,
      "p90": 0.8186066666666667
    }
  },
  "breakdown_by_forecast_correctness": {
    "correct": {
      "forecast_correct": 1.0,
      "confidence": 0.8594924496644294,
      "word_count": 44.65604026845637,
      "sentence_count": 2.452181208053691,
      "context_grounding": 0.6241762247598975,
      "question_focus": 0.7153907344279218,
      "article_support": 0.3194560454366506,
      "temporal_specificity": 0.9077181208053692,
      "conciseness": 0.9616610738255034,
      "hedging_alignment": 0.68498322147651,
      "quality_proxy": 0.7022309034553088
    },
    "incorrect": {
      "forecast_correct": 0.0,
      "confidence": 0.8300773195876289,
      "word_count": 47.824742268041234,
      "sentence_count": 2.3917525773195876,
      "context_grounding": 0.5998356223967848,
      "question_focus": 0.664863696706612,
      "article_support": 0.2743512624159107,
      "temporal_specificity": 0.8737113402061856,
      "conciseness": 0.9473324742268041,
      "hedging_alignment": 0.659020618556701,
      "quality_proxy": 0.6698525024181664
    }
  },
  "strongest_correct_examples": [
    {
      "id": 41271,
      "confidence": 0.85,
      "quality_proxy": 0.9377380952380951,
      "context_grounding": 0.9523809523809523,
      "question_focus": 1.0,
      "article_support": 0.674047619047619,
      "question": "Will ABBV's market close price on 2025-12-31 be higher than its market close price on 2025-12-24?",
      "rationale": "The latest available trading day for the target date (2025-12-31) is 2025-12-30, with a closing price of 229.74. This is lower than the baseline closing price of 229.89 on 2025-12-24, indicating that ABBV\u2019s market close price on 2025-12-31 will not be higher than its market close price on 2025-12-24."
    },
    {
      "id": 31124,
      "confidence": 0.95,
      "quality_proxy": 0.9298888888888889,
      "context_grounding": 0.9666666666666667,
      "question_focus": 0.8333333333333334,
      "article_support": 0.7793333333333333,
      "question": "Will car crash deaths in the US be below 40,000 for 2024?",
      "rationale": "Preliminary data from the National Highway Traffic Safety Administration (NHTSA) shows that 39,345 people died in traffic crashes in 2024, which is a decrease of about 3.8% compared to 2023. This marks the first time since 2020 that the number of fatalities fell below 40,000."
    },
    {
      "id": 41434,
      "confidence": 0.85,
      "quality_proxy": 0.9249944444444443,
      "context_grounding": 0.9333333333333333,
      "question_focus": 1.0,
      "article_support": 0.6166333333333334,
      "question": "Will WY's market close price on 2026-01-16 be higher than its market close price on 2026-01-09?",
      "rationale": "The Stooq-derived daily close prices show that the market close price of WY on 2026-01-16 ($27.06) is higher than its market close price on 2026-01-09 ($25.73)."
    },
    {
      "id": 41287,
      "confidence": 0.85,
      "quality_proxy": 0.9238888888888889,
      "context_grounding": 0.9047619047619048,
      "question_focus": 1.0,
      "article_support": 0.6385714285714286,
      "question": "Will MTB's market close price on 2026-01-01 be higher than its market close price on 2025-12-27?",
      "rationale": "The latest available trading day for the baseline date (2025-12-27) had a closing price of 207.28, while the latest available trading day for the target date (2026-01-01) had a closing price of 201.48. Since the target closing price is lower than the baseline closing price, the market close price on 2026-01-01 will not be higher than its market close price on 2025-12-27."
    },
    {
      "id": 31151,
      "confidence": 0.95,
      "quality_proxy": 0.9228333333333333,
      "context_grounding": 0.9642857142857143,
      "question_focus": 1.0,
      "article_support": 0.5727142857142857,
      "question": "Will the International Longshoremen's Association (ILA) go on strike before February 1, 2025?",
      "rationale": "Credible news sources, including PBS and The Guardian, report that the International Longshoremen's Association and the U.S. Maritime Alliance reached a tentative six-year contract agreement a week before the January 15, 2025 deadline, effectively averting any potential strike before February 1, 2025."
    }
  ],
  "high_confidence_failures": [
    {
      "id": 36877,
      "confidence": 0.95,
      "quality_proxy": 0.5561728395061728,
      "context_grounding": 0.037037037037037035,
      "question_focus": 1.0,
      "article_support": 0.0,
      "question": "\u0427\u0438 \u0437\u0443\u0441\u0442\u0440\u0456\u043d\u0435\u0442\u044c\u0441\u044f \u0417\u0435\u043b\u0435\u043d\u0441\u044c\u043a\u0438\u0439 \u0437 \u0422\u0440\u0430\u043c\u043f\u043e\u043c \u0434\u043e \u043b\u0438\u043f\u043d\u044f 2025?",
      "rationale": "Since the last meeting in February 2025, there has been no indication of any upcoming personal meetings between President Volodymyr Zelensky of Ukraine and President Donald Trump of the United States. Given the lack of concrete plans or announcements, it is unlikely they will meet before July 1, 2025."
    },
    {
      "id": 36173,
      "confidence": 0.95,
      "quality_proxy": 0.564906220322887,
      "context_grounding": 0.37037037037037035,
      "question_focus": 0.6923076923076923,
      "article_support": 0.02675925925925926,
      "question": "Will the Guatemala City, Guatemala fail to reach reach 80 degrees F on any day after the launch of this question and before April 1, 2025?",
      "rationale": "The evidence provided does not contain any relevant weather data for Guatemala City, Guatemala, and there is no indication of an unusual weather pattern that would prevent temperatures from reaching 80 degrees F. Given the typical climate in Guatemala City, it is highly unlikely that the temperature will not reach 80 degrees F before April 1, 2025."
    },
    {
      "id": 37436,
      "confidence": 0.95,
      "quality_proxy": 0.6013671274961597,
      "context_grounding": 0.5483870967741935,
      "question_focus": 0.5714285714285714,
      "article_support": 0.18838709677419355,